business_description,ideal_domain,category
Professional food and beverage business providing quality services,foodandbeverage1.com,food and beverage
Professional food and beverage business providing quality services,foodandbeverage2.com,food and beverage
Professional food and beverage business providing quality services,foodandbeverage3.com,food and beverage
Professional food and beverage business providing quality services,foodandbeverage4.com,food and beverage
Professional food and beverage business providing quality services,foodandbeverage5.com,food and beverage
Professional food and beverage business providing quality services,foodandbeverage6.com,food and beverage
Professional food and beverage business providing quality services,foodandbeverage7.com,food and beverage
Professional food and beverage business providing quality services,foodandbeverage8.com,food and beverage
Professional food and beverage business providing quality services,foodandbeverage9.com,food and beverage
Professional food and beverage business providing quality services,foodandbeverage10.com,food and beverage
A small startup focused on artificial intelligence solutions for healthcare.,aiHealthcareSolutions.com,technology and software
An enterprise-level company offering cloud-based software for large corporations.,enterpriseCloudSolutions.net,technology and software
A cybersecurity firm specializing in protecting small businesses from digital threats.,cyberGuardian.org,technology and software
A global company providing customized software products for the finance industry.,worldwideFinTech.io,technology and software
A national company offering advanced IT support for various industries.,advancedITSupport.com,technology and software
A local firm providing software development and consulting services.,localTechConsulting.net,technology and software
An international corporation offering comprehensive data management solutions.,globalDataMasters.com,technology and software
A startup focused on VR technology for the gaming industry.,virtualGamingGenesis.io,technology and software
A company specializing in developing learning management systems for educational institutions.,eduTechSolutions.org,technology and software
A technology firm focused on developing IoT solutions for smart homes.,smartHomeIoT.net,technology and software
A global company providing e-commerce platform solutions for businesses.,eCommerceEngine.io,technology and software
A national firm specializing in telecommunications software.,nationalTelecomSoft.com,technology and software
An app development company for mobile and web platforms.,appTechMasters.net,technology and software
A multinational tech company offering cloud storage solutions.,globalCloudPioneer.io,technology and software
A local startup providing website design and SEO services.,localWebMaster.org,technology and software
An AI-centric company creating personalized customer service chatbots.,aiChatbotCreators.com,technology and software
An enterprise-level software provider for logistics and supply chain management.,logisticsSoftPro.net,technology and software
A company specializing in creating digital marketing automation software.,digitalMarketingAutomation.io,technology and software
A global firm offering advanced analytics and business intelligence solutions.,globalIntelligenceSolutions.org,technology and software
A technology company developing innovative solutions for remote working.,remoteWorkTech.com,technology and software
A national company offering custom software development services.,nationwideSoftware.net,technology and software
A local firm providing tech support and IT consulting for small businesses.,localTechSupport.io,technology and software
A blockchain development company serving businesses across the globe.,blockChainGlobal.org,technology and software
A company specializing in developing CRM software for real estate agencies.,realEstateCRMPro.com,technology and software
A tech startup offering machine learning tools for data scientists.,mlToolsStartup.net,technology and software
A nationwide provider of cloud-based POS systems for restaurants.,cloudPOSNation.io,technology and software
A company offering tailor-made software solutions for the automotive industry.,autoIndustrySoftware.org,technology and software
An enterprise-level company offering AI-assisted business process automation solutions.,aiAutomationEnterprise.com,technology and software
A global tech firm providing advanced cybersecurity solutions.,globalCyberShield.net,technology and software
A local startup focused on developing AR applications for education.,eduARStartUp.io,technology and software
A company specializing in data recovery services and solutions.,dataRecoverySpecialists.org,technology and software
An enterprise-level provider of IT networking solutions for businesses of all sizes.,enterpriseITNetworks.com,technology and software
A global company that provides full-stack development services.,globalFullStack.net,technology and software
A national company specializing in software for the hospitality industry.,hospitalitySoftNational.io,technology and software
A local tech firm offering app development services for Android and iOS.,localAppDevelopment.org,technology and software
A global enterprise that provides robotic process automation solutions.,globalRoboticAutomation.com,technology and software
A national tech company providing IT infrastructure services for industries.,nationalITInfrastructure.net,technology and software
A company specializing in the development of SaaS products for businesses.,saasProductDevelopment.io,technology and software
An enterprise providing big data solutions for multinational corporations.,enterpriseBigDataSolutions.org,technology and software
A local startup focusing on custom software solutions for local businesses.,localCustomSoftware.com,technology and software
A company specializing in high-speed networking solutions for businesses.,highSpeedNetworking.net,technology and software
A global leader in providing end-to-end mobile app development services.,globalAppMasters.io,technology and software
A national company offering digital transformation services for businesses across various industries.,digitalTransformationNation.org,technology and software
A local firm providing comprehensive IT services for small to medium-sized businesses.,localITSolutions.com,technology and software
A company specializing in developing ERP solutions for manufacturing companies.,manufacturingERPSolutions.net,technology and software
An enterprise providing advanced data analytics software for businesses.,advancedDataAnalytics.io,technology and software
A small startup focused on creating AR/VR experiences for the entertainment industry.,arvrEntertainmentStartUp.org,technology and software
A global tech company offering custom software development services for businesses.,globalCustomSoft.com,technology and software
Professional health and wellness business providing quality services,healthandwellness1.com,health and wellness
Professional health and wellness business providing quality services,healthandwellness2.com,health and wellness
Professional health and wellness business providing quality services,healthandwellness3.com,health and wellness
Professional health and wellness business providing quality services,healthandwellness4.com,health and wellness
Professional health and wellness business providing quality services,healthandwellness5.com,health and wellness
Professional health and wellness business providing quality services,healthandwellness6.com,health and wellness
Professional health and wellness business providing quality services,healthandwellness7.com,health and wellness
Professional health and wellness business providing quality services,healthandwellness8.com,health and wellness
Professional health and wellness business providing quality services,healthandwellness9.com,health and wellness
Professional health and wellness business providing quality services,healthandwellness10.com,health and wellness
A Los Angeles-based start-up offering innovative graphic design solutions for small businesses.,lagraphicinnovate.com,creative services
A leading global enterprise specializing in robust web design and development services for e-commerce businesses.,webcraftmasters.com,creative services
A boutique agency focused on branding and packaging design for gourmet food and beverage companies in New York.,gourmetbrandingnyc.com,creative services
A London-based animation studio creating engaging motion graphics for television and digital media.,motioncraftlondon.co.uk,creative services
A national agency offering comprehensive SEO and digital marketing solutions for creative professionals and agencies.,seocreativepros.com,creative services
A small local firm in Seattle focusing on custom WordPress theme design and development for bloggers.,seattlewordpressthemes.com,creative services
A global leader in providing intuitive UI/UX design solutions for mobile applications and software.,intuitivedesign.io,creative services
"An innovative virtual reality studio based in Berlin, focusing on creating immersive VR experiences for brands.",immersivestudioberlin.de,creative services
"A national enterprise offering comprehensive event planning and design services, specializing in corporate and social events.",eventfuldesigns.net,creative services
A Chicago-based startup offering high-quality video production services for businesses and personal brands.,windycityvideopros.com,creative services
A worldwide firm specializing in architectural visualization and 3D rendering services for real estate and construction companies.,architecturalvisionary.com,creative services
A boutique agency in Paris providing sophisticated interior design services for luxury residences and corporate spaces.,parisianinteriors.com,creative services
A Toronto-based company offering innovative digital signage solutions for businesses of all sizes.,signagetechtoronto.ca,creative services
An Atlanta-based firm offering personalized branding and web design services for startups and small businesses.,brandingatl.com,creative services
"A global enterprise providing comprehensive creative solutions including graphic design, copywriting, and social media management.",globalsolutionscreative.com,creative services
An Austin-based company specializing in product photography and commercial videography for e-commerce businesses.,austinproductphoto.com,creative services
A Melbourne-based agency providing innovative digital marketing and SEO services for small to medium-sized businesses.,melbdigitalinnovations.com.au,creative services
A nationwide firm offering tailor-made PR and advertising solutions for creative agencies and businesses.,creativeprpartners.com,creative services
"A global leader in providing end-to-end solutions for 3D printing, CAD design and prototyping.",3Ddesignmasters.com,creative services
"A digital agency in Miami specializing in responsive website design and development, and digital marketing services.",miamidigitalpro.com,creative services
A start-up in San Francisco offering innovative app development solutions for iOS and Android platforms.,appbuildersf.com,creative services
"A Tokyo-based design studio offering sleek, minimalist branding and graphic design services for modern businesses.",minimaldesignstudio.jp,creative services
A Bangalore-based agency specializing in animation and visual effects services for films and advertisements.,bangaloreanimations.com,creative services
A local Texas company offering premium drone photography and videography services for real estate and events.,texasdroneshots.com,creative services
A multinational corporation providing advanced data visualization and infographics solutions for businesses across various sectors.,datavizsolutions.io,creative services
A Vancouver-based agency offering creative storytelling and video production services for brands and businesses.,storycraftersvancouver.ca,creative services
A global enterprise specializing in game design and development services for mobile and console platforms.,gamedevmasters.com,creative services
A Dubai-based firm offering high-end interior and exterior 3D architectural visualization services.,archivizdubai.ae,creative services
"A New York-based agency offering comprehensive digital marketing solutions, including SEO, PPC, and social media management.",nycdigitalmarketingpros.com,creative services
A startup based in Sydney offering innovative virtual reality solutions for training and education.,vrtrainingsydney.com.au,creative services
"A local company in London specializing in professional photography services for events, weddings, and portraits.",londonphotopros.co.uk,creative services
A Toronto-based firm offering well-structured website design and development services for small businesses and startups.,torontowebcrafters.com,creative services
A Montreal-based creative agency offering comprehensive branding solutions and marketing strategies for startups.,brandstrategymontreal.ca,creative services
An international firm offering top-notch mobile app development and digital marketing solutions for businesses across the globe.,globalappcraft.com,creative services
A Miami-based agency specializing in luxury real estate photography and high-definition video tours.,luxuryvisualsmiami.com,creative services
"A London-based company offering personalized, handmade furniture design services for residential and commercial projects.",londonfurniturecraft.co.uk,creative services
"A San Francisco-based enterprise offering cutting-edge AI solutions for creative applications, including design and video production.",creativeaisolutions.com,creative services
A local firm in Berlin providing innovative and sleek logo design services for modern businesses.,logocraftersberlin.de,creative services
A Paris-based start-up offering sustainable and modern interior design solutions for commercial spaces and homes.,ecointeriorsparis.fr,creative services
A global leader in providing high-quality stock photos and videos for advertising and digital media.,globalstockvisuals.com,creative services
A local company in Melbourne offering professional and creative mural painting services for businesses and public spaces.,melbournemuralmasters.com.au,creative services
A Singapore-based firm offering high-quality 3D printing services and CAD design solutions for businesses.,3dprintingpro.sg,creative services
A comapny in Hong Kong offering outstanding web design and e-commerce solutions for businesses in Asia.,hongkongwebmasters.com,creative services
"A global enterprise providing comprehensive digital marketing services, including SEO, social media, and content marketing.",globaldigitalgenius.com,creative services
A nationwide firm specializing in custom branding and marketing solutions for fitness and wellness businesses.,fitbrandingsolutions.com,creative services
A Sydney-based start-up offering unique and innovative animation solutions for advertising and digital media.,sydneyanimations.com.au,creative services
A Cape Town-based agency offering engaging digital storytelling and video production services for brands.,storycrafterscapetown.co.za,creative services
Professional professional services business providing quality services,professionalservices1.com,professional services
Professional professional services business providing quality services,professionalservices2.com,professional services
Professional professional services business providing quality services,professionalservices3.com,professional services
Professional professional services business providing quality services,professionalservices4.com,professional services
Professional professional services business providing quality services,professionalservices5.com,professional services
Professional professional services business providing quality services,professionalservices6.com,professional services
Professional professional services business providing quality services,professionalservices7.com,professional services
Professional professional services business providing quality services,professionalservices8.com,professional services
Professional professional services business providing quality services,professionalservices9.com,professional services
Professional professional services business providing quality services,professionalservices10.com,professional services
"A small startup offering unique, custom-designed jewelry pieces online.",ArtisticJewels.com,retail and e-commerce
An enterprise-level business providing a wide range of electronics and home appliances with nationwide shipping.,ElecHomePlus.net,retail and e-commerce
A local boutique specializing in vintage clothing and accessories.,RetroFashionBoutique.com,retail and e-commerce
A global e-commerce giant selling a vast variety of products across multiple categories.,GlobalShopHub.com,retail and e-commerce
A trendy online shoe retailer offering curated selections for the modern consumer.,WalkInStyle.io,retail and e-commerce
A nationwide e-commerce platform offering premium organic groceries.,OrganicBasket.net,retail and e-commerce
A regional business providing handcrafted furniture with an emphasis on sustainable practices.,EcoFurnitureCraft.com,retail and e-commerce
"An online platform offering a vast selection of music records, both new and vintage.",VinylVerse.net,retail and e-commerce
A small business selling handmade artisan soaps and skincare products.,LushNaturals.org,retail and e-commerce
A global distributor of professional photography and videography equipment.,ProCameraWorld.com,retail and e-commerce
A national retailer specializing in high-quality kitchenware and cooking accessories.,KitchenCraftsmen.net,retail and e-commerce
An online platform specializing in the sale of rare coins and collectibles.,RareFindCollectibles.com,retail and e-commerce
A global e-commerce business offering a wide variety of fashion-forward clothing.,TrendyThreadsGlobal.com,retail and e-commerce
An independent bookstore with a wide selection of titles and local delivery options.,LocalBookHaven.org,retail and e-commerce
A regional distributor of fitness equipment and athletic wear.,FitLifeSupply.com,retail and e-commerce
An e-commerce platform providing a curated collection of sustainable and eco-friendly products.,GreenMarket.io,retail and e-commerce
An online retailer specializing in high-quality pet supplies and accessories.,PetPamperPalace.com,retail and e-commerce
A local business offering a vast range of gardening tools and supplies.,GardenGearLocal.net,retail and e-commerce
A national retailer offering a comprehensive selection of outdoor and camping gear.,OutdoorExplorerShop.com,retail and e-commerce
A global e-commerce platform selling luxury watches and timepieces.,TimelessPiecesGlobal.com,retail and e-commerce
A regional retailer selling a wide variety of craft and art supplies.,CreateAndCraft.net,retail and e-commerce
A national online platform offering a vast selection of children's toys and games.,PlaytimeParadise.com,retail and e-commerce
A local business providing a wide selection of teas and coffee from around the world.,BrewedDelights.org,retail and e-commerce
A global e-commerce business offering a wide range of high-quality skincare products.,GlowingSkinShop.com,retail and e-commerce
A regional business specializing in selling eco-friendly cleaning products.,GreenCleaners.net,retail and e-commerce
A startup offering handcrafted candles with a focus on natural ingredients.,CandleCraft.io,retail and e-commerce
A small online boutique specializing in women's fashion accessories.,GlamDuchess.com,retail and e-commerce
A nationwide e-commerce platform offering a variety of office supplies and furniture.,OfficeSupreme.net,retail and e-commerce
A global online retailer offering a vast selection of books across various genres.,GlobalBookstore.com,retail and e-commerce
A local business offering artisanal cheeses and gourmet food items.,CheeseAndGourmetLocal.org,retail and e-commerce
A regional business specializing in home decor items and furnishings.,HomeDecorRegion.net,retail and e-commerce
An online platform offering a curated selection of affordable art and prints.,ArtAffair.io,retail and e-commerce
A national e-commerce business selling a variety of sports equipment and apparel.,SportsGearNation.com,retail and e-commerce
A local business providing a wide range of musical instruments and accessories.,SoundWaveLocal.net,retail and e-commerce
A global e-commerce platform offering a wide selection of computer hardware and software.,TechTreasureGlobal.com,retail and e-commerce
A regional business specializing in selling high-end baking supplies and equipment.,Baker'sBoutique.net,retail and e-commerce
An online platform selling an array of natural health and wellness products.,NaturalHealthHub.io,retail and e-commerce
A nationwide retailer offering a wide range of beauty products and personal care items.,BeautyBasicsNational.com,retail and e-commerce
A local business providing a vast selection of local craft beers and wines.,CraftBrewLocal.org,retail and e-commerce
"A startup offering innovative, smart home technologies online.",SmartHomeInnovations.io,retail and e-commerce
A small online business specializing in providing a variety of eco-friendly baby products.,EcoBabyShop.com,retail and e-commerce
A national e-commerce platform offering premium quality meat and seafood.,QualityMeatsNation.net,retail and e-commerce
"A regional business offering a wide selection of local produce, dairy, and bakery items.",FreshMarketRegion.org,retail and e-commerce
"A global online retailer offering high-end, designer handbags and accessories.",LuxuryBagsGlobal.com,retail and e-commerce
An online platform specializing in selling a wide range of car accessories and parts.,AutoGearHub.net,retail and e-commerce
A small local business offering a curated selection of handmade pottery and ceramics.,CeramicSanctuary.com,retail and e-commerce
An ed-tech start-up specializing in AI-assisted personalized learning solutions for K-12 students.,PupilPro.ai,education and training
A global enterprise providing digital textbooks and interactive educational tools to higher education institutions.,Edulibra.com,education and training
A national provider of vocational training courses for the construction industry.,BuildSkills.net,education and training
A boutique firm offering tailored leadership training for small to medium-sized businesses.,LeadFit.io,education and training
"Specializes in distance learning programs for adult learners, focusing on career advancement and skill development.",DistanceDegree.org,education and training
A local business offering hands-on workshops in coding and digital skills for kids and teens.,CoderKidsClub.com,education and training
A global consulting firm providing customized corporate training solutions.,GlobeTrain.com,education and training
"An online platform offering a diverse range of courses from art to business, taught by industry professionals.",Learniverse.io,education and training
A nationwide network of tutoring centers providing personalized support for students from elementary through high school.,TutorNetwork.com,education and training
A regional provider of first aid and emergency response training for businesses and community organizations.,RescueReady.net,education and training
An international language institute offering immersive programs in over 20 languages.,LangWorld.org,education and training
A tech company specializing in virtual reality-based training for medical professionals.,MediVirtu.com,education and training
A local business providing cooking and culinary arts workshops for all ages and skill levels.,CulinaryCrafters.com,education and training
"A national provider of online professional development courses for teachers, principals, and school administrators.",EduProDev.net,education and training
An international organization offering comprehensive cybersecurity training for businesses.,CyberSecureTraining.io,education and training
An enterprise-level service offering strategic talent development solutions for multinational corporations.,StratTalent.com,education and training
A start-up offering innovative mobile learning solutions for remote teams.,MobiLearn.io,education and training
A local business providing community-based learning programs for seniors.,SeniorScholars.org,education and training
A nationwide service offering online music lessons taught by professional musicians.,MusicMaestro.net,education and training
A global online platform offering a wide array of courses on sustainable living and green practices.,GreenLearningGlobe.com,education and training
A small business offering personalized tutoring and educational support services for students with learning disabilities.,BrightPathTutoring.com,education and training
An international consulting firm specializing in executive leadership and management training.,ExecEdge.net,education and training
An online platform that provides comprehensive training in blockchain technology and cryptocurrency management.,CryptoEdu.io,education and training
A global provider of training programs aimed at improving customer service skills across various industries.,ServiceSavvy.com,education and training
A regional business providing intensive fitness instructor training and certification programs.,FitProAcademy.org,education and training
A tech start-up offering virtual reality-based driver's education and training.,DriveVirtu.com,education and training
An online platform providing a range of courses in digital marketing and social media management.,MarketMaster.io,education and training
A local startup specializing in mindfulness and meditation workshops for corporate teams.,MindfulWorkshops.net,education and training
A global enterprise providing advanced IT certification courses for professionals.,ITproCert.com,education and training
An international organization offering specialized teacher training programs in early childhood education.,EarlyEdTrainers.org,education and training
A regional business providing hands-on STEM learning experiences for children and teens.,STEMventure.com,education and training
An online platform providing comprehensive training and resources for aspiring entrepreneurs.,StartupTraining.net,education and training
A specialized service offering advanced training in data analysis and business intelligence tools.,DataWise.io,education and training
"A leading provider of online language learning courses, offering instruction in over 50 languages.",PolyglotOnline.com,education and training
A local business offering hands-on robotics workshops for kids and teens.,RoboCreatorsClub.com,education and training
A national provider of online professional development courses for healthcare professionals.,HealthProEd.net,education and training
"A global online platform delivering a diverse range of courses from finance to photography, taught by industry experts.",SkillSphere.io,education and training
An enterprise-level service offering comprehensive HR training solutions for multinational corporations.,HRTalentPro.com,education and training
A tech start-up providing cutting-edge augmented reality training solutions for various industries.,AReduTech.io,education and training
A local community center providing arts and crafts workshops for all ages.,CreativeCommunity.org,education and training
A nationwide service providing online fitness and wellness classes led by certified instructors.,FitWellOnline.net,education and training
A global online platform offering a variety of courses on environmental conservation and sustainable practices.,EcoLearnGlobal.com,education and training
A small business providing specialized tutoring and educational support services for gifted students.,GiftedTutors.com,education and training
An international consulting firm specializing in strategic planning and organizational development training.,StratDev.net,education and training
An online platform offering comprehensive training in machine learning and AI development.,AIMastery.io,education and training
A global provider of sales and negotiation training programs for businesses of all sizes.,SalesCraftPro.com,education and training
A regional company offering professional development workshops for civil servants and government employees.,GovServeAcademy.org,education and training
A global fitness chain specialized in high-intensity interval training (HIIT) with a mission to make fitness fun and accessible for everyone.,GlobalHIITFit.com,fitness and sports
A small midwestern startup that creates tailored fitness plans for working professionals who struggle to find time for exercise.,BusyBeeFitness.net,fitness and sports
"An enterprise offering virtual personal training for anyone, everywhere, combining AI technology with human expertise.",VirtualProFitTrainer.io,fitness and sports
"A lifestyle brand that bridges the gap between fitness and fashion, offering stylish activewear for modern, health-conscious consumers.",StylishlyFit.org,fitness and sports
"Nationwide distributor of high-quality, sustainable sports equipment for schools, sports clubs, and individual athletes.",EcoSportEquip.com,fitness and sports
"A local yoga studio that offers classes for all levels, incorporating mindfulness techniques to promote overall wellness.",ZenBendYoga.com,fitness and sports
"An online platform that connects sports enthusiasts with local teams and leagues, promoting an active community and friendly competition.",TeamUpSport.net,fitness and sports
"A nutrition-focused startup delivering personalized meal plans to athletes, based on their fitness goals and dietary preferences.",AthleteEatFit.com,fitness and sports
An innovative tech company developing wearable fitness trackers that provide real-time health and wellness metrics.,LiveStatFit.io,fitness and sports
"A national chain of climbing gyms with state-of-the-art facilities, aiming to make rock climbing accessible for all fitness levels.",ClimbNation.org,fitness and sports
An online platform offering live and on-demand fitness classes from top instructors across multiple disciplines.,FitClassLive.com,fitness and sports
"A sports management agency providing comprehensive services for athletes, including contract negotiation, marketing, and public relations.",PeakPlayerMgmt.net,fitness and sports
"A global leader in manufacturing and distributing biking equipment, from beginner to professional gear.",CycleWorldEquip.com,fitness and sports
"A small local gym that offers personalised training plans, group classes and nutrition advice for its members.",FitYouLocal.com,fitness and sports
An app-based service that provides personalized home workout routines using AI and machine learning technology.,HomeFitAI.io,fitness and sports
"A startup promoting children's fitness through fun, interactive programs and senior coaches.",KidsActiveFun.org,fitness and sports
A nationwide chain of fitness centres focusing on martial arts training for all ages.,FitFightNation.com,fitness and sports
"An online store selling an extensive range of sporting goods, fitness equipment and activewear.",SportyShop.net,fitness and sports
A corporate wellness provider focused on delivering innovative wellness programs tailored to each company's needs.,CorporateWellnessPro.com,fitness and sports
"A tech company creating virtual reality fitness games, making workouts fun and engaging.",VRFitGaming.io,fitness and sports
"A rehabilitation centre offering sports therapy and injury recovery programs, using cutting-edge technology and expert therapists.",SportHealCenter.org,fitness and sports
"An eco-friendly company manufacturing sustainable fitness equipment and products, promoting environmental responsibility in fitness.",GreenFitGear.com,fitness and sports
A nationwide service that matches clients with personal trainers to help them achieve their fitness goals.,PersonalTrainerMatch.net,fitness and sports
"A small local business that offers outdoor adventure sports activities, team building events and fitness camps.",OutdoorAdventureFit.com,fitness and sports
A mobile application that tracks and analyses your running performance and provides personalised coaching advice.,RunTrackCoach.io,fitness and sports
An online subscription-based service that provides access to a variety of yoga classes for all levels.,YogaFlexPass.com,fitness and sports
"A health club chain with state-of-the-art facilities, qualified health professionals, and a wide variety of fitness programs.",HealthProGyms.net,fitness and sports
"A sports analytics firm providing data-driven insights to professional teams, athletes, and sports organizations.",ProSportAnalytics.com,fitness and sports
"A local boutique fitness studio offering small group classes in Pilates, barre, and yoga.",ToneAndFlexStudio.com,fitness and sports
"A global online retailer of premium sports equipment, activewear, and accessories.",GlobalSportLux.com,fitness and sports
"A digital platform providing live streamed fitness classes for multiple disciplines, making it easier to workout from home.",HomeFitStream.net,fitness and sports
"A sports consulting agency offering strategic planning, brand development, and marketing services to sports businesses.",SportStrategics.org,fitness and sports
"A national network of swimming schools, offering swimming lessons for kids and adults of all ages and skill levels.",NationalSwimSchool.com,fitness and sports
"A local boot camp fitness business inspiring people to reach their fitness goals through fun, intense workouts in outdoor settings.",OutdoorBootCampFit.net,fitness and sports
"A software company that develops fitness and wellness solutions for gyms, personal trainers, and health clinics.",FitTechSolutions.io,fitness and sports
"A mobile app that connects individuals to local sports events and activities, encouraging an active lifestyle.",SportLocalConnect.com,fitness and sports
"A global leader in the production of innovative fitness equipment, dedicated to supporting everyone's fitness journey.",GlobalFitEquip.com,fitness and sports
"An online community offering coaching, training programs, and resources for triathletes at all levels.",TriathlonCommunity.net,fitness and sports
"A boutique fitness studio offering barre classes that combine elements of ballet, yoga, and Pilates to tone and sculpt the body.",SculptBarreFit.com,fitness and sports
A local family-owned business that offers quality sports equipment rentals for individuals and sports teams.,SportRentEquip.net,fitness and sports
"A health and fitness blog providing tips, workout routines, and nutrition advice for a healthier lifestyle.",FitLifeAdvice.org,fitness and sports
"A nutrition startup creating healthy, high-protein snacks for fitness enthusiasts and athletes.",ProteinBiteSnacks.com,fitness and sports
"A national chain of women's gyms offering personalized training plans, group classes, and wellness consultations.",WomenFitNation.net,fitness and sports
"A sports event management company that organizes and manages various sports events at the local, national, and international level.",SportEventPro.com,fitness and sports
"A fitness and wellness retreat offering a variety of programs focused on fitness, nutrition, and mindfulness in a beautiful natural setting.",WellnessFitRetreat.com,fitness and sports
A global company that designs and manufactures innovative sports apparel and footwear for athletes and sports enthusiasts.,SportApparelGlobe.io,fitness and sports
"A small, locally owned plumbing company providing fast and affordable services in the Seattle area.",SeattleQuickPlumbing.com,home services
A national HVAC installation and repair company with a focus on energy-efficient solutions.,GreenHVACsolutions.net,home services
A global corporation specializing in home security systems and smart home technology.,SafeSmartHomes.org,home services
"A locally-focused residential cleaning service in San Francisco, using eco-friendly products.",GreenCleanSF.com,home services
An online platform connecting homeowners with reliable handymen in their area.,HandyNeighbor.io,home services
A tech startup offering innovative smart home automation solutions for modern homes.,SmartHomeInnovations.net,home services
A family-run roofing business serving the Denver area with over 30 years of experience.,DenverFamilyRoofing.com,home services
A nationwide pest control company utilizing eco-friendly methods to keep homes bug-free.,EcoBugBusters.com,home services
"An international home remodeling and renovation company, offering turnkey solutions for homeowners.",GlobalHomeTransform.com,home services
"A tech-forward landscaping company offering design and maintenance services to local homeowners in Austin, Texas.",AustinEcoLandscaping.io,home services
A small business offering bespoke carpentry and furniture services for homeowners in Chicago.,ChicagoCraftedCarpentry.com,home services
"A New York-based startup offering smart, efficient storage solutions for small homes and apartments.",SmartStorageNYC.net,home services
A national pool cleaning and maintenance company offering standardized services across the US.,ClearBluePools.net,home services
An enterprise offering top-tier home theater installation and optimization services globally.,GlobalCinemaInstallations.com,home services
"A Los Angeles-based business providing professional, reliable window cleaning services.",LAClearViewWindows.com,home services
"A startup providing an online platform for booking local, trusted home cleaning professionals in Boston.",BostonCleanHome.io,home services
A family-owned business specializing in detailed home inspections for potential buyers in the Houston area.,HoustonHomeInspections.net,home services
"An international company providing comprehensive home maintenance packages, including cleaning, repairs, and gardening.",HomeCareGlobal.org,home services
A national franchise offering professional carpet and upholstery cleaning services.,CarpetCleanUSA.com,home services
A locally owned business providing custom kitchen and bathroom remodeling services in the Miami area.,MiamiCustomKitchens.com,home services
A tech startup offering a platform for homeowners to find and book trusted local electricians.,SparkyFinder.io,home services
A UK-based company providing a wide range of handyman and home improvement services.,UKHomeFixers.com,home services
An international organization specializing in efficient waste removal and recycling services for homes and businesses.,EcoWasteGlobal.org,home services
A small business offering professional home organization and decluttering services in the San Diego area.,SanDiegoOrganized.com,home services
A nationwide company specializing in solar panel installation and maintenance for homes and businesses.,SunPowerInstallations.net,home services
A local business in Portland providing custom deck design and construction services.,PortlandCustomDecks.com,home services
"An enterprise offering comprehensive home automation solutions including lighting, heating, and security systems.",SmartHomeGlobal.net,home services
A tech startup providing a platform for homeowners to book certified local locksmiths.,LocksmithLink.io,home services
"A small, family-run business offering professional driveway and patio installation services in Phoenix.",PhoenixPatioPros.com,home services
"A Southern California-based business offering pool and spa design, construction, and maintenance services.",SoCalPoolSpa.com,home services
A startup offering an online platform for homeowners to find and book local gardening services.,GardenGenie.io,home services
"A large corporation specializing in home insulation solutions, offering services across the US.",USAInsulationSolutions.net,home services
A local business in Dallas providing custom window treatment design and installation services.,DallasWindowDesigns.com,home services
A national enterprise providing comprehensive home warranty packages for homeowners.,HomeGuardianWarranty.net,home services
A global corporation specializing in advanced home security and surveillance solutions.,GuardianSecurityGlobal.com,home services
A San Antonio-based business providing expert tree care and landscaping services.,SanAntonioTreeCare.com,home services
A family-owned business specializing in custom residential painting services in the Philadelphia area.,PhillyColorfulHomes.com,home services
A tech startup providing a platform for homeowners to find and book local appliance repair services.,ApplianceFix.io,home services
A nationwide business offering professional grout and tile cleaning services.,TileCleanUSA.com,home services
A local business in Atlanta offering expert home staging services for real estate listings.,AtlantaHomeStagingPros.com,home services
A global corporation providing comprehensive pest control and extermination services for homes and businesses.,PestFreeWorld.org,home services
A small business in Tampa providing custom cabinetry and other woodwork services.,TampaWoodworks.com,home services
"A tech-forward landscaping company offering design and maintenance services to local homeowners in Orlando, Florida.",OrlandoEcoLandscaping.io,home services
A family-run plumbing business serving the Las Vegas area with over 20 years of experience.,VegasFamilyPlumbing.com,home services
A nationwide lawn care company utilizing eco-friendly methods to keep yards green and healthy.,EcoLawnCareUSA.net,home services
"An international home remodeling and renovation company, offering comprehensive solutions for homeowners.",GlobalHomeRenovation.com,home services
A local business in Memphis providing high-quality carpet installation services.,MemphisCarpetInstallers.com,home services
An internationally renowned company providing state-of-the-art home automation and security solutions.,SmartSecureHomes.net,home services
SparkPlug Autos is a startup specializing in electric car sales in the US with a focus on eco-friendly solutions.,sparkplugautos.com,automotive
"DriveThru Detailing is a local car detailing business in Seattle, offering premium detailing services and products.",drivethrudetailing.com,automotive
CarTech Innovations is a global car technology company developing advanced AI systems for vehicles.,cartechinnovations.io,automotive
AutoRepair Hub is a local business in Chicago providing reliable car repair services at an affordable price.,autorepairhub.net,automotive
Auto Glass Vision is a nationwide company offering windshield repair and replacement services.,autoglassvision.com,automotive
FastFit Tires is an online tire store offering a wide selection of car tires with delivery across the US.,fastfittires.com,automotive
VehicleCheck Pro is a global company providing comprehensive vehicle history reports.,vehiclecheckpro.com,automotive
CarLingo provides online foreign language courses specialized for the automotive industry professionals.,carlingo.org,automotive
"RoadReady Rentals is a local business in Miami, providing a range of high-quality rental cars.",roadreadyrentals.com,automotive
Ace Auto Insurance is a nationwide company offering a variety of automobile insurance policies to help protect drivers.,aceautoinsurance.com,automotive
Highway Hero is a roadside assistance startup serving stranded drivers across the US with fast and reliable service.,highwayhero.net,automotive
SuperbAutoParts is an online store offering a wide range of auto parts and accessories globally.,superbautoparts.com,automotive
GoGreen Motors is a startup focused on importing and selling eco-friendly cars in Europe.,gogreenmotors.io,automotive
EasyLease Auto is an online platform that makes car leasing easy and affordable for customers across the US.,easyleaseauto.com,automotive
MotorMaster Mechanics is an enterprise-level car service center chain offering quality car services nationwide.,motormastermechanics.com,automotive
AutoSafety Gear is an online retailer selling automotive safety equipment worldwide.,autosafetygear.com,automotive
"DreamDrive Exotics is a luxury car rental service in Los Angeles, offering a fleet of high-end vehicles for hire.",dreamdriveexotics.com,automotive
CloudCar is a global tech startup working on developing cloud-based solutions for driverless vehicles.,cloudcar.io,automotive
OldTimer Restoration provides classic car restoration services for vintage car enthusiasts in New York.,oldtimerrestoration.net,automotive
"LubePro Express is a local quick-lube and oil change service in San Francisco, offering speedy, high-quality service.",lubeproexpress.com,automotive
ParkingPal is an app-based company that helps users find and reserve parking spaces in cities across the US.,parkingpal.com,automotive
Revved Up Towing is a 24-hour towing service operating in the Dallas-Fort Worth area.,revveduptowing.com,automotive
AutoInvest is a venture capital firm investing in innovative automotive and mobility startups worldwide.,autoinvest.com,automotive
CleanRide Detailing is a mobile auto detailing service in Houston that comes to your home or office.,cleanridedetailing.com,automotive
"GearBox Cafe is a unique car-themed restaurant located in the center of Detroit, the heart of the US car industry.",gearboxcafe.com,automotive
"Engage Auto Sales is a used car dealership in Denver, known for their exceptional customer service and quality cars.",engageautosales.com,automotive
FleetGuard is a global enterprise that provides GPS-based fleet management systems for businesses of all sizes.,fleetguard.net,automotive
"ProShine Auto Spa is a luxury car wash and detailing service in Beverly Hills, renowned for their meticulous attention to detail.",proshineautospa.com,automotive
Rent2Buy Auto is an online platform offering a unique service where customers can rent a car with an option to buy it.,rent2buyauto.com,automotive
CarMingle is an online platform connecting car lovers and enthusiasts around the world.,carmingle.com,automotive
FutureDrive is a global tech company pioneering in the development of autonomous vehicle technology.,futuredrive.io,automotive
AutoMart is a large online marketplace for buying and selling new and used cars across the US.,automart.com,automotive
"AutoBody Pros is a chain of collision repair centers across the Midwest, known for their fast and high-quality service.",autobodypros.net,automotive
"CarMate App is a mobile app that allows drivers to track maintenance, fuel consumption, and expenses for their vehicles.",carmateapp.com,automotive
RideRight Car Seats is an online store specializing in safe and comfortable car seats for children of all ages.,riderightcarseats.com,automotive
EcoCharge Stations is a company that builds and maintains electric vehicle charging stations across Europe.,ecochargestations.com,automotive
"MaxSpeed Tuning is a performance tuning shop in Miami, known for their custom modifications and tuning services.",maxspeedtuning.com,automotive
AutoBox is a monthly subscription box delivering car care products to customers across the US.,autobox.com,automotive
"MotorWorld Expo is an annual international auto show showcasing the latest models, technologies, and trends in the auto industry.",motorworldexpo.com,automotive
AutoJob Finder is an online job portal dedicated to career opportunities in the automotive industry worldwide.,autojobfinder.com,automotive
CarEase is a tech startup offering an AI-powered app that simplifies car maintenance for vehicle owners.,carease.io,automotive
"PowerPit Auto Shop is a local garage in Atlanta, providing a wide range of auto repair and maintenance services.",powerpitautoshop.com,automotive
"AutoLoans Plus is a national company providing auto financing solutions, including loans for new and used cars.",autoloansplus.com,automotive
ProDriver Training is a driving school offering professional driving lessons and defensive driving courses in Boston.,prodrivertraining.net,automotive
TradeIn Auto is a national chain of used car dealerships offering fair and transparent car trade-in values.,tradeinauto.com,automotive
"RoadRunner Delivery is a last-mile delivery service using a fleet of eco-friendly vehicles, serving businesses in the San Francisco Bay Area.",roadrunnerdelivery.com,automotive
"AutoArt Gallery is a unique venue in New York City, exhibiting automotive-inspired art and design pieces from around the world.",autoartgallery.org,automotive
Professional beauty and cosmetics business providing quality services,beautyandcosmetics1.com,beauty and cosmetics
Professional beauty and cosmetics business providing quality services,beautyandcosmetics2.com,beauty and cosmetics
Professional beauty and cosmetics business providing quality services,beautyandcosmetics3.com,beauty and cosmetics
Professional beauty and cosmetics business providing quality services,beautyandcosmetics4.com,beauty and cosmetics
Professional beauty and cosmetics business providing quality services,beautyandcosmetics5.com,beauty and cosmetics
Professional beauty and cosmetics business providing quality services,beautyandcosmetics6.com,beauty and cosmetics
Professional beauty and cosmetics business providing quality services,beautyandcosmetics7.com,beauty and cosmetics
Professional beauty and cosmetics business providing quality services,beautyandcosmetics8.com,beauty and cosmetics
Professional beauty and cosmetics business providing quality services,beautyandcosmetics9.com,beauty and cosmetics
Professional beauty and cosmetics business providing quality services,beautyandcosmetics10.com,beauty and cosmetics
Professional travel and hospitality business providing quality services,travelandhospitality1.com,travel and hospitality
Professional travel and hospitality business providing quality services,travelandhospitality2.com,travel and hospitality
Professional travel and hospitality business providing quality services,travelandhospitality3.com,travel and hospitality
Professional travel and hospitality business providing quality services,travelandhospitality4.com,travel and hospitality
Professional travel and hospitality business providing quality services,travelandhospitality5.com,travel and hospitality
Professional travel and hospitality business providing quality services,travelandhospitality6.com,travel and hospitality
Professional travel and hospitality business providing quality services,travelandhospitality7.com,travel and hospitality
Professional travel and hospitality business providing quality services,travelandhospitality8.com,travel and hospitality
Professional travel and hospitality business providing quality services,travelandhospitality9.com,travel and hospitality
Professional travel and hospitality business providing quality services,travelandhospitality10.com,travel and hospitality
Professional real estate business providing quality services,realestate1.com,real estate
Professional real estate business providing quality services,realestate2.com,real estate
Professional real estate business providing quality services,realestate3.com,real estate
Professional real estate business providing quality services,realestate4.com,real estate
Professional real estate business providing quality services,realestate5.com,real estate
Professional real estate business providing quality services,realestate6.com,real estate
Professional real estate business providing quality services,realestate7.com,real estate
Professional real estate business providing quality services,realestate8.com,real estate
Professional real estate business providing quality services,realestate9.com,real estate
Professional real estate business providing quality services,realestate10.com,real estate
"Small local investment firm, primarily focused on managing portfolios for individuals and families.",HomesteadInvest.com,financial services
Consultancy specializing in risk management for large financial corporations on a global scale.,GlobalRiskAdvisors.net,financial services
Startup fintech company developing AI-based solutions for automated trading.,AutoTradeAI.io,financial services
Credit union serving the local community with banking services and financial advice.,CommunityFirstCU.org,financial services
"National wealth management firm helping clients grow, protect, and pass on their assets.",WealthMastermind.com,financial services
Global network of consultants providing advice on business financial strategy and operations.,FinStrategyGlobal.com,financial services
Boutique financial planning service focused on helping millennials and Gen Z manage their finances.,GenZFinancePlanners.com,financial services
Enterprise-level accounting firm offering comprehensive financial services to large corporations.,AccuCorpFinServices.net,financial services
Startup offering a user-friendly personal budgeting and financial planning app.,BudgetBuddy.io,financial services
Mid-sized regional bank offering full suite of banking and financial services.,RegionalBankingSolutions.com,financial services
Financial advisory firm helping small businesses with financial planning and investment strategies.,SmallBizFinanceAdvisors.net,financial services
Online platform providing peer-to-peer lending and investing opportunities.,PeerLendInvest.com,financial services
"Global investment bank offering corporate finance, asset management, and wealth management services.",GlobalInvestBank.com,financial services
Financial technology startup providing blockchain solutions for secure transactions in finance.,BlockChainFinanceSolutions.io,financial services
International payment processing company simplifying transactions for businesses worldwide.,GlobalPayEase.com,financial services
Venture capital firm investing in promising fintech startups around the world.,FinTechVenturesVC.com,financial services
Financial training institute offering courses for professionals seeking to improve their financial knowledge.,ProFinanceTraining.org,financial services
Small insurance company providing personalized policies to protect individuals and businesses.,SecureFutureInsurance.com,financial services
Large hedge fund with a focus on algorithmic trading in the global markets.,AlphaHedge.net,financial services
"Robo-advising startup offering low-cost, automated investment management services.",RoboWealth.io,financial services
Financial planning firm focused on retirement planning for middle-income families.,RetireWellPlanning.com,financial services
Local tax preparation service helping individuals and small businesses navigate tax season.,TaxTimeSolutions.net,financial services
"Online platform for alternative investments, focusing on real estate and private equity.",AltInvestPlatform.com,financial services
Financial analytics company providing data insights to institutions and investment firms.,FinDataInsights.io,financial services
Global currency exchange service offering competitive rates for businesses and travelers.,WorldCurrencyExchange.com,financial services
Startup offering a mobile banking app for easy budgeting and financial planning.,MobiBank.io,financial services
Large financial institution offering a full range of banking services across the nation.,NationwideBank.net,financial services
Loan brokerage firm specializing in finding the perfect match for home buyers and lenders.,PerfectMatchLoans.com,financial services
Regional credit rating agency providing accurate and timely credit information.,RegionalCreditRatings.org,financial services
Financial planning and investment management firm serving high-net-worth individuals and families.,HighNetWorthAdvisors.com,financial services
Private equity firm investing in mid-market companies with high growth potential.,MidMarketGrowthEquity.net,financial services
Financial educational website offering free courses and resources for personal finance management.,FinanceLearnFree.org,financial services
AI-powered fraud detection service helping businesses protect themselves from financial fraud.,FraudFighterAI.com,financial services
Asset management company with a focus on sustainable and socially responsible investing.,GreenGrowthInvest.com,financial services
Online stock trading platform designed for beginner investors to learn and grow.,TradeLearnGrow.com,financial services
Global commodities trading firm with a focus on energy products.,GlobalEnergyTraders.net,financial services
Financial analytics startup utilizing big data to predict market trends and movements.,BigDataMarketPredictions.io,financial services
Specialized tax consultancy firm offering international tax planning and compliance services.,IntlTaxAdvisors.com,financial services
Startup disrupting the insurance industry with a peer-to-peer insurance model.,PeerInsure.io,financial services
Global corporate finance advisory firm assisting companies with mergers and acquisitions.,GlobalMandAAdvisors.com,financial services
Financial planning firm offering personalized strategies for wealth accumulation and preservation.,WealthPreservePlan.com,financial services
Stock exchange offering a platform for trading securities and derivatives.,TradeSecureExchange.net,financial services
"Cryptocurrency exchange enabling users to buy, sell, and trade various digital currencies.",CryptonexExchange.io,financial services
Large financial institution offering commercial banking services to businesses of all sizes.,CommercialBankingCorp.com,financial services
Startup offering a digital wallet for secure management of multiple cryptocurrencies.,CryptoWalletPlus.io,financial services
Asset management firm focusing on green investments such as renewable energy projects.,GreenFutureInvest.com,financial services
Financial analytics company providing business intelligence solutions to enterprises.,FinBizIntel.net,financial services
Financial services consulting firm offering strategic planning and risk management.,StrategicFinConsultants.com,financial services
Professional entertainment and media business providing quality services,entertainmentandmedia1.com,entertainment and media
Professional entertainment and media business providing quality services,entertainmentandmedia2.com,entertainment and media
Professional entertainment and media business providing quality services,entertainmentandmedia3.com,entertainment and media
Professional entertainment and media business providing quality services,entertainmentandmedia4.com,entertainment and media
Professional entertainment and media business providing quality services,entertainmentandmedia5.com,entertainment and media
Professional entertainment and media business providing quality services,entertainmentandmedia6.com,entertainment and media
Professional entertainment and media business providing quality services,entertainmentandmedia7.com,entertainment and media
Professional entertainment and media business providing quality services,entertainmentandmedia8.com,entertainment and media
Professional entertainment and media business providing quality services,entertainmentandmedia9.com,entertainment and media
Professional entertainment and media business providing quality services,entertainmentandmedia10.com,entertainment and media
Professional agriculture business providing quality services,agriculture1.com,agriculture
Professional agriculture business providing quality services,agriculture2.com,agriculture
Professional agriculture business providing quality services,agriculture3.com,agriculture
Professional agriculture business providing quality services,agriculture4.com,agriculture
Professional agriculture business providing quality services,agriculture5.com,agriculture
Professional agriculture business providing quality services,agriculture6.com,agriculture
Professional agriculture business providing quality services,agriculture7.com,agriculture
Professional agriculture business providing quality services,agriculture8.com,agriculture
Professional agriculture business providing quality services,agriculture9.com,agriculture
Professional agriculture business providing quality services,agriculture10.com,agriculture
EnviroPack is a startup focused on producing eco-friendly packaging solutions for businesses worldwide.,enviropackglobal.com,manufacturing
Innovative Ironworks specializes in custom iron and steel fabrications for local construction firms in the Midwest.,innovativeironworks.net,manufacturing
"Precision Auto Parts manufactures high-quality, precision-engineered auto parts for car manufacturers across the globe.",precisionautoparts.com,manufacturing
"ClearWater Filtration is a company that designs, manufactures, and sells water filtration systems across North America.",clearwaterfiltration.org,manufacturing
SolarSphere manufactures advanced solar panel systems and solutions for businesses and homeowners across the nation.,solarsphereenergy.com,manufacturing
TechFabrics is a textile manufacturing company producing high-tech fabrics for sportswear and outerwear designers globally.,techfabricsintl.com,manufacturing
GreenBuild Materials is a sustainable construction material manufacturer serving the domestic market with eco-friendly products.,greenbuildmaterials.com,manufacturing
ProLab Equipment manufactures lab equipment and tools for universities and research facilities around the world.,prolabequipment.com,manufacturing
"Hardy Hand Tools produces high-quality, durable hand tools for professional use in the United States.",hardyhandtools.net,manufacturing
SafeWay Helmets is a global company dedicated to the manufacturing of safe and comfortable helmets for various sports.,safewayhelmets.com,manufacturing
"AeroDynamics is an enterprise-level manufacturer of high-tech, energy-efficient wind turbines for the renewable energy market.",aerodynamicsglobal.com,manufacturing
"KitchenCraft Appliances, a small-scale manufacturing business, specializes in innovative, high-quality kitchen appliances for the local market.",kitchencraftappliances.com,manufacturing
"AquaTech Pools is a national company that manufactures high-quality, customizable pool and spa systems.",aquatechpools.net,manufacturing
"EcoPaper is a global company focused on producing sustainable, biodegradable paper products for businesses of all sizes.",ecopaper.io,manufacturing
"GlideSkateboards is a small skateboard manufacturing business crafting custom, high-performance skateboards for the local community.",glideskateboards.com,manufacturing
"BrightLight Solar is a company that designs, manufactures, and distributes solar lighting solutions for the global market.",brightlightsolar.com,manufacturing
"Fashion House specializes in the production of high-quality, trendy clothing lines for fashion retailers globally.",fashionhouseworld.com,manufacturing
SafeMed Supplies manufactures high-grade medical supplies and equipment for hospitals and clinics nationwide.,safemedsupplies.net,manufacturing
FoodPack Solutions provides food packaging solutions for restaurants and food delivery services in the US.,foodpacksolutions.com,manufacturing
"PowerCell is a battery manufacturing company producing long-lasting, efficient batteries for various electronic devices for global markets.",powercellglobal.com,manufacturing
A small startup focusing on providing free educational resources and tech training to underprivileged youth in rural communities.,TechForTomorrow.org,non-profit
"A national organization that rescues, rehabilitates, and rehomes abandoned animals across the United States.",NationAnimalRescue.org,non-profit
Global nonprofit entity committed to raising awareness and driving solutions for environmental issues.,GreenWorldInitiative.net,non-profit
"Providing comprehensive employment assistance services, including job training and placement for veterans.",Vets2Work.org,non-profit
A local organization offering free meals and nutritional education to low-income families in the Atlanta area.,AtlantaFeeds.org,non-profit
Nonprofit organization dedicated to improving the lives of children with disabilities through sports and recreational activities.,PlayAbilityKids.net,non-profit
An international foundation providing clean water solutions to isolated communities worldwide.,GlobalH2OSolutions.org,non-profit
A national nonprofit fighting to alleviate poverty through providing microloans and financial literacy education.,PathwayOutOfPoverty.com,non-profit
Worldwide nonprofit dedicated to protecting endangered species and their habitats.,WorldSpeciesProtection.org,non-profit
An organization offering free coding bootcamps to women and girls in San Francisco.,GirlsCanCodeSF.net,non-profit
A nonprofit focusing on mental health support and suicide prevention amongst college students.,StudentLifeLine.org,non-profit
"A locally operating nonprofit offering assistance to the homeless population in Denver, including food, shelter, and rehabilitation programs.",DenverHomelessAid.org,non-profit
"A charity providing global relief in the face of natural disasters, including food, clean water, and medical assistance.",GlobalReliefForce.org,non-profit
A national organization committed to reducing food waste by redirecting unused produce from farms to food banks.,FarmToFoodBank.net,non-profit
An international charity committed to the education and empowerment of women in developing countries.,WomenRiseGlobal.org,non-profit
An awareness and support platform for individuals dealing with mental health issues.,MindfulnessMatters.io,non-profit
A New York-based nonprofit committed to providing art education and experiences for under privileged kids.,ArtForAllNYC.org,non-profit
An organization determined to provide clean and renewable energy solutions to undeveloped regions across the globe.,GreenEnergyForAll.org,non-profit
A London-based charity aiming to combat loneliness and isolation among the elderly.,NeverAloneLondon.org,non-profit
A nonprofit dedicated to providing training and resources for budding entrepreneurs in underprivileged communities.,EmpowerStartups.org,non-profit
A national nonprofit providing support and resources for families dealing with Autism.,AutismFamilySupport.net,non-profit
A global organization aiming to eradicate illiteracy by providing access to books and educational resources to children in need.,BooksForAllChildren.org,non-profit
"A nonprofit organization dedicated to maintaining public parks, and creating green spaces in urban areas.",UrbanGreenSpaces.org,non-profit
A national foundation dedicated to providing free legal aid to individuals who cannot afford it.,FairJusticeFoundation.org,non-profit
A global charity dedicated to providing free healthcare services to impoverished regions.,HealthForHumanity.net,non-profit
AceTech is a startup providing cutting-edge technology consulting services to businesses in New York City.,AceTechNYC.com,consulting
Bridge Strategy Group is a global consulting firm specializing in corporate strategy and operations improvement.,BridgeStrategyGroup.net,consulting
Zeta Solutions is a mid-sized consulting firm offering tailored solutions in financial planning and wealth management.,ZetaSolutions.com,consulting
Green Light Sustainability is a small consulting firm specializing in environmental sustainability and corporate social responsibility.,GreenLightSustainability.org,consulting
HR Pulse is a nationwide consulting firm that offers HR department optimization services for medium to large corporations.,HRPulseConsulting.com,consulting
Pivot Point Solutions is an agile consultancy that specializes in helping startups scale their operations and achieve rapid growth.,PivotPointSolutions.io,consulting
Fusion Marketing Consultants provide marketing strategy and campaign execution for businesses in the midwestern United States.,FusionMarketingConsultants.com,consulting
CloudStrat is a highly specialized consultancy that assists businesses in devising and implementing cloud migration strategies.,CloudStratConsulting.com,consulting
Peak Performance Consulting specializes in executive coaching and leadership development for corporations globally.,PeakPerformanceConsulting.net,consulting
LegalEase Consulting offers legal strategy and compliance services for small to medium-sized businesses across the United States.,LegalEaseConsulting.com,consulting
"EduSolutions provides consulting services to educational institutions, specializing in strategic planning, curriculum development, and faculty training.",EduSolutions.org,consulting
FraudWatch is a global consulting firm that helps financial businesses implement anti-fraud measures and improve security.,FraudWatchConsulting.com,consulting
DigiPulse is a digital marketing consultancy helping startups and small businesses boost their online visibility and customer engagement.,DigiPulseMarketing.io,consulting
"OptimalHR is a premier HR consulting agency offering solutions in talent acquisition, development, and retention to Fortune 500 companies.",OptimalHR.net,consulting
StartUp Strategy Pro is a consulting firm helping new businesses establish effective strategies for growth and revenue generation.,StartUpStrategyPro.com,consulting
Insight Analytics is a data-driven consulting firm providing predictive analytics and business intelligence services to enterprises worldwide.,InsightAnalyticsGlobal.com,consulting
Brand Boost Consulting helps businesses develop and implement effective branding strategies to increase their market presence.,BrandBoostConsulting.com,consulting
EcoForward Consulting is a sustainability consultancy helping companies reduce their environmental impact and achieve green certification.,EcoForwardConsulting.org,consulting
CyberSecure Consulting offers comprehensive cybersecurity consulting services to protect businesses from cyber threats.,CyberSecureConsulting.net,consulting
VentureEdge is a boutique consulting firm specialized in providing strategic advice to venture-backed startups.,VentureEdge.io,consulting
"ProFit Consulting offers tailored consulting services to gyms and fitness centers, focusing on membership growth and retention.",ProFitConsulting.com,consulting
GlobalTech Advisors provide IT consulting services to companies looking to upgrade their technology infrastructure or digitize their operations.,GlobalTechAdvisors.com,consulting
LeadGen Consulting helps businesses optimize their lead generation and conversion rates through strategic digital marketing.,LeadGenConsulting.com,consulting
Healthcare Solutions Consulting specializes in operational and process improvement for healthcare facilities across the U.S.,HealthcareSolutionsConsulting.com,consulting
Innovation Dynamics is a global consulting firm aiding businesses in driving transformation through innovative strategies and technologies.,InnovationDynamics.net,consulting
Professional logistics business providing quality services,logistics1.com,logistics
Professional logistics business providing quality services,logistics2.com,logistics
Professional logistics business providing quality services,logistics3.com,logistics
Professional logistics business providing quality services,logistics4.com,logistics
Professional logistics business providing quality services,logistics5.com,logistics
Professional logistics business providing quality services,logistics6.com,logistics
Professional logistics business providing quality services,logistics7.com,logistics
Professional logistics business providing quality services,logistics8.com,logistics
Professional logistics business providing quality services,logistics9.com,logistics
Professional logistics business providing quality services,logistics10.com,logistics
